time,symbol,action,entry,sl,tp,exit,pnl,reason,exit_reason,pnl_cum
2025-08-20 10:05:00+00:00,EURUSD,sell,1.16377,1.16432,1.1626699999999999,1.1643700000000001,-0.000620000000000156,"Bearish cross: SMA20 < SMA100 while price is above both SMAs; indicates potential downside reversal. ATR-based risk: sl ~1 ATR (0.00055), tp ~2 ATR (0.0011); spread is low, volatility moderate.",SL,-0.000620000000000156
2025-08-20 10:25:00+00:00,EURUSD,buy,1.16459,1.164107142857143,1.1655557142857143,1.164057142857143,-0.0005528571428571128,"Price is above both SMA20 (1.163492) and SMA100 (1.1634608), indicating a bullish trend. Use ATR-based sizing: stop-loss ≈1 ATR (0.000482857...), take-profit ≈2 ATR (0.000965714...). Spread is small (0.0001), supporting a long setup.",SL,-0.0011728571428572688
2025-08-20 10:45:00+00:00,EURUSD,buy,1.16408,1.1636657142857143,1.1649085714285714,1.1636157142857142,-0.0004842857142858059,Signal haussier: close (1.16403) est au-dessus des sma20 (1.163608) et sma100 (1.1634573); dynamique haussière et volatilité raisonnable; spread faible (0.0001). SL à 1 ATR (~0.0004143) et TP à 2 ATR (~0.00082857) pour un ratio risque/rendement d'environ 2:1.,SL,-0.0016571428571430747
2025-08-20 11:50:00+00:00,EURUSD,buy,1.1636900000000001,1.163292142857143,1.1644857142857143,1.1644357142857142,0.0007257142857141274,"Le close est au-dessus du SMA100, indiquant une tendance haussière à plus long terme; le prix est en léger retracement sous le SMA20 (retracement vers un support potentiel près du SMA20); la volatilité est modérée selon l'ATR et la volatilité_mean, ce qui suggère un ratio risque/rendement favorable avec SL basé sur l'ATR et TP environ 2xATR.",TP,-0.0009314285714289473
2025-08-20 12:40:00+00:00,EURUSD,buy,1.1645200000000002,1.1641414285714289,1.1652771428571431,1.165227142857143,0.0006871428571427951,"Bullish setup: close > sma20 > sma100, tendance haussière; ATR indique volatilité moyenne; SL ≈ ATR (0.00037857), TP ≈ 2×ATR (0.00075714); spread faible.",TP,-0.00024428571428615226
2025-08-20 13:20:00+00:00,EURUSD,buy,1.1653900000000001,1.1650628571428574,1.1660442857142859,1.1650128571428573,-0.00039714285714285367,Prix de clôture au-dessus des SMA20 et SMA100 indiquant une tendance haussière; volatilité actuelle mesurée par l'ATR ≈ 0.000327; spread faible (~0.0001),SL,-0.000641428571429006
2025-08-20 13:30:00+00:00,EURUSD,buy,1.1655000000000002,1.165162142857143,1.1661757142857145,1.165112142857143,-0.000407857142857273,Clôture au-dessus des SMA20 et SMA100; signal haussier. Volatilité et spread modestes. SL = ATR (~0.000338); TP ~2x ATR (~0.000676).,SL,-0.001049285714286279
2025-08-20 13:40:00+00:00,EURUSD,buy,1.16521,1.1648685714285716,1.1658928571428573,1.1648185714285715,-0.0004114285714285981,Prix actuel > SMA20 et SMA100; tendance haussière confirmée; volatilité et ATR suggèrent potentiel de continuation; entrée longue.,SL,-0.0014607142857148772
2025-08-20 13:45:00+00:00,EURUSD,buy,1.1648,1.1640728571428571,1.1662542857142857,1.164022857142857,-0.0007971428571430317,"Tendance haussière confirmée: close > SMA20 et SMA100, SMA20 > SMA100; volatilité mesurée par ATR suffisante et spread faible.",SL,-0.002257857142857909
2025-08-20 15:00:00+00:00,EURUSD,buy,1.16428,1.1639692857142856,1.1649014285714285,1.1648514285714284,0.000551428571428445,"Tendance haussiere: sma20 > sma100; prix au dessus du sma100 et volatilite mesuree par ATR. SL = ATR, TP = 2*ATR.",TP,-0.001706428571429464
2025-08-20 15:05:00+00:00,EURUSD,buy,1.1649500000000002,1.1645,1.1661500000000002,1.1661000000000001,0.0011299999999999843,Tendance haussiere confirmee: close (1.16491) > SMA20 (1.1646485) > SMA100 (1.1640047). Spread faible (0.0001) et ATR approx 0.000345 indiquant volatilite modeste; setup avec ratio risque/recompense favorable (~1:2.7).,TP,-0.0005764285714294796
2025-08-20 15:35:00+00:00,EURUSD,buy,1.1666,1.1661514285714287,1.167497142857143,1.1661014285714286,-0.0005185714285714594,"Signal haussier: close > sma20 et sma20 > sma100; prix au dessus de sma20; volatilite mesuree par ATR; SL = ATR, TP = 2*ATR.",SL,-0.001095000000000939
2025-08-20 16:30:00+00:00,EURUSD,buy,1.1663700000000001,1.165842142857143,1.1674257142857145,1.165792142857143,-0.0005978571428571855,"Bullish setup: price above SMA20 and SMA100; close is 0.0003585 above SMA20; ATR ~0.0005279 → SL = 1 ATR, TP = 2 ATR; spread small (0.0001).",SL,-0.0016928571428581245
2025-08-20 17:00:00+00:00,EURUSD,buy,1.1659400000000002,1.1654200000000001,1.1673400000000003,1.16537,-0.0005900000000001815,"La SMA20 > SMA100 indique une tendance haussière; le close est juste en dessous de la SMA20 mais au-dessus de la SMA100, ce qui suggère un repli au sein d'une tendance haussière. L'ATR d'environ 0.00052 confirme la volatilité actuelle; placer le stop à ~0.00052 et viser un take profit d'environ 0.0014 (≈2.7x l'ATR) pour un bon ratio risque/rendement.",SL,-0.002282857142858306
2025-08-20 17:50:00+00:00,EURUSD,buy,1.1665100000000002,1.1659100000000002,1.1677100000000002,1.1658600000000001,-0.0006700000000000395,"Close au-dessus des SMA20 et SMA100 (1.16646 > 1.1660385 et 1.16646 > 1.1648731), signal haussier. ATR ≈ 0.000657 indique une volatilité suffisante; spread faible (0.0001).",SL,-0.0029528571428583455
2025-08-20 18:10:00+00:00,EURUSD,buy,1.1661100000000002,1.1655100000000003,1.1673100000000003,1.1654600000000002,-0.0006700000000000395,Tendance haussière: close>sma20 et sma20>sma100; volatilité et ATR modérés; spread faible.,SL,-0.003622857142858385
2025-08-20 18:45:00+00:00,EURUSD,buy,1.1655300000000002,1.1650164285714286,1.16653,1.1649664285714285,-0.0005835714285716631,"Prix au-dessus du SMA100, pullback sous le SMA20 suggérant une reprise haussière potentielle; ATR ~0.0005136 et volatilité moyenne suggèrent SL autour de l'ATR et TP environ 2× ATR; spread faible.",SL,-0.004206428571430048
2025-08-20 19:15:00+00:00,EURUSD,buy,1.1654600000000002,1.1650478571428573,1.1662842857142859,1.1662342857142858,0.0007542857142856163,Prix au-dessus du SMA100 mais en dessous du SMA20; rebond potentiel dans une tendance haussière. SL basé sur l'ATR (0.0004121428571429085) et TP viser 2*ATR pour un bon ratio risque-récompense.,TP,-0.003452142857144432
2025-08-20 20:05:00+00:00,EURUSD,buy,1.16646,1.1661357142857143,1.1671085714285714,1.1660857142857142,-0.0003942857142858824,"Prix close au-dessus des sma20 et sma100, tendance haussière. SL à 1 ATR sous l'entrée (0.0003242857) et TP à 2 ATR (0.0006485714). Spread faible et volatilité moyenne confirment le setup.",SL,-0.0038464285714303144
2025-08-20 20:10:00+00:00,EURUSD,buy,1.1661400000000002,1.16579,1.1673400000000003,1.16574,-0.000420000000000178,Tendance haussière: close > sma20 et sma100 et sma20 > sma100; ATR indique volatilité suffisante; spread faible; setup d'achat en cas de breakout.,SL,-0.004266428571430492
2025-08-20 21:30:00+00:00,EURUSD,buy,1.16585,1.16545,1.16675,1.1654,-0.00047000000000006146,Bullish bias: SMA20> SMA100 and close above SMA100; price near support; ATR indicates tradable range; favorable risk-reward.,SL,-0.004736428571430554
2025-08-20 22:15:00+00:00,EURUSD,buy,1.16585,1.1655200000000001,1.1665100000000002,1.16547,-0.00040000000000004697,"Clôture au-dessus du SMA100 et proche du SMA20, volatilité modérée et spread faible; setup haussier avec pullback potentiel vers SMA100. SL≈ATR, TP≈2×ATR.",SL,-0.005136428571430601
2025-08-20 22:25:00+00:00,EURUSD,buy,1.16571,1.1654,1.16633,1.1653499999999999,-0.000380000000000138,"Tendance haussière confirmée par SMA20>SMA100 (1.1659865 > 1.1658243). Prix actuel 1.16566, volatilité mesurée par ATR ≈0.00031 et spread ≈0.0001 suggérant SL≈ATR et TP≈2×ATR.",SL,-0.005516428571430739
2025-08-20 22:55:00+00:00,EURUSD,sell,1.1654399999999998,1.1656685714285713,1.164982857142857,1.1650328571428572,0.0003871428571426061,"Prix de clôture sous SMA20 et SMA100 (close < sma20 < sma100) → tendance baissière; ATR utilisé pour stop et take-profit (sl = 1 ATR, tp = 2 ATR).",TP,-0.005129285714288133
2025-08-20 23:10:00+00:00,EURUSD,sell,1.16472,1.165202857142857,1.164237142857143,1.16504,-0.000340000000000098,"Prix actuel en dessous des SMA20 et SMA100, signal baissier; ATR et volatilité modérés suggèrent un mouvement potentiel; spread faible",EOD,-0.005469285714288231
